respondent_id,covid_vaccine
4757,0
4758,0
4759,0
4760,0
4761,0
4762,1
4763,1
4764,1
4765,1
4766,0
4767,0
4768,1
4769,1
4770,0
4771,0
4772,0
4773,0
4774,0
4775,0
4776,0
4777,0
4778,0
4779,0
4780,1
4781,0
4782,0
4783,0
4784,0
4785,1
4786,1
4787,0
4788,0
4789,0
4790,1
4791,0
4792,0
4793,0
4794,1
4795,0
4796,0
4797,0
4798,1
4799,0
4800,0
4801,0
4802,0
4803,0
4804,0
4805,0
4806,0
4807,0
4808,0
4809,0
4810,1
4811,0
4812,0
4813,0
4814,0
4815,0
4816,0
4817,0
4818,0
4819,0
4820,1
4821,1
4822,0
4823,1
4824,0
4825,0
4826,0
4827,1
4828,0
4829,1
4830,0
4831,0
4832,0
4833,0
4834,1
4835,1
4836,0
4837,0
4838,0
4839,0
4840,0
4841,0
4842,1
4843,0
4844,0
4845,0
4846,0
4847,0
4848,0
4849,0
4850,0
4851,0
4852,0
4853,0
4854,1
4855,0
4856,0
4857,0
4858,1
4859,0
4860,0
4861,0
4862,0
4863,0
4864,0
4865,0
4866,0
4867,0
4868,0
4869,0
4870,0
4871,0
4872,0
4873,0
4874,0
4875,0
4876,0
4877,0
4878,1
4879,0
4880,0
4881,1
4882,0
4883,0
4884,0
4885,0
4886,0
4887,0
4888,1
4889,0
4890,0
4891,0
4892,0
4893,0
4894,1
4895,0
4896,1
4897,1
4898,1
4899,0
4900,0
4901,0
4902,0
4903,0
4904,1
4905,0
4906,0
4907,1
4908,1
4909,0
4910,0
4911,0
4912,0
4913,1
4914,0
4915,1
4916,0
4917,0
4918,0
4919,0
4920,1
4921,1
4922,0
4923,0
4924,0
4925,0
4926,0
4927,0
4928,0
4929,1
4930,0
4931,1
4932,0
4933,1
4934,0
4935,0
4936,0
4937,0
4938,1
4939,0
4940,0
4941,1
4942,1
4943,1
4944,0
4945,1
4946,1
4947,1
4948,0
4949,0
4950,1
4951,1
4952,0
4953,0
4954,1
4955,0
4956,0
4957,1
4958,0
4959,0
4960,0
4961,1
4962,0
4963,0
4964,1
4965,0
4966,0
4967,0
4968,0
4969,1
4970,0
4971,1
4972,1
4973,0
4974,0
4975,0
4976,1
4977,0
4978,1
4979,0
4980,0
4981,0
4982,1
4983,0
4984,0
4985,0
4986,0
4987,0
4988,1
4989,0
4990,0
4991,0
4992,0
4993,1
4994,0
4995,0
4996,0
4997,0
4998,0
4999,0
5000,0
5001,0
5002,0
5003,1
5004,1
5005,0
5006,0
5007,1
5008,0
5009,0
5010,0
5011,0
5012,0
5013,0
5014,0
5015,0
5016,0
5017,0
5018,1
5019,0
5020,0
5021,0
5022,1
5023,1
5024,0
5025,0
5026,0
5027,0
5028,0
5029,0
5030,1
5031,1
5032,0
5033,0
5034,1
5035,0
5036,0
5037,0
5038,0
5039,0
5040,0
5041,0
5042,0
5043,1
5044,1
5045,0
5046,0
5047,0
5048,0
5049,0
5050,0
5051,1
5052,1
5053,0
5054,0
5055,0
5056,0
5057,0
5058,0
5059,1
5060,1
5061,0
5062,1
5063,0
5064,0
5065,0
5066,1
5067,1
5068,0
5069,0
5070,0
5071,0
5072,1
5073,0
5074,1
5075,1
5076,0
5077,0
5078,0
5079,1
5080,0
5081,0
5082,0
5083,1
5084,1
5085,0
5086,0
5087,0
5088,1
5089,1
5090,0
5091,0
5092,0
5093,0
5094,0
5095,0
5096,0
5097,0
5098,1
5099,0
5100,0
5101,0
5102,1
5103,0
5104,0
5105,0
5106,0
5107,1
5108,0
5109,0
5110,1
5111,0
5112,0
5113,1
5114,0
5115,0
5116,0
5117,0
5118,1
5119,0
5120,0
5121,1
5122,0
5123,0
5124,0
5125,0
5126,0
5127,0
5128,0
5129,0
5130,0
5131,0
5132,0
5133,1
5134,0
5135,0
5136,0
5137,1
5138,1
5139,1
5140,1
5141,1
5142,0
5143,0
5144,0
5145,0
5146,0
5147,0
5148,0
5149,1
5150,0
5151,1
5152,1
5153,0
5154,1
5155,1
5156,1
5157,0
5158,0
5159,0
5160,1
5161,0
5162,1
5163,0
5164,1
5165,1
5166,0
5167,0
5168,0
5169,0
5170,1
5171,0
5172,1
5173,0
5174,0
5175,0
5176,0
5177,1
5178,0
5179,1
5180,0
5181,0
5182,0
5183,1
5184,0
5185,0
5186,1
5187,0
5188,1
5189,0
5190,0
5191,0
5192,0
5193,1
5194,0
5195,0
5196,0
5197,0
5198,0
5199,0
5200,0
5201,0
5202,1
5203,0
5204,0
5205,0
5206,0
5207,0
5208,0
5209,0
5210,0
5211,0
5212,0
5213,0
5214,0
5215,1
5216,0
5217,0
5218,1
5219,0
5220,1
5221,0
5222,1
5223,0
5224,0
5225,0
5226,1
5227,0
5228,0
5229,0
5230,1
5231,0
5232,0
5233,0
5234,0
5235,0
5236,0
5237,0
5238,1
5239,0
5240,1
5241,0
5242,0
5243,1
5244,0
5245,0
5246,1
5247,0
5248,0
5249,0
5250,1
5251,1
5252,1
5253,0
5254,1
5255,0
5256,1
5257,0
5258,1
5259,0
5260,1
5261,0
5262,0
5263,1
5264,0
5265,1
5266,0
5267,0
5268,0
5269,0
5270,0
5271,0
5272,0
5273,0
5274,0
5275,0
5276,1
5277,0
5278,0
5279,0
5280,1
5281,1
5282,0
5283,0
5284,0
5285,0
5286,0
5287,1
5288,0
5289,0
5290,0
5291,1
5292,0
5293,0
5294,0
5295,0
5296,1
5297,1
5298,1
5299,0
5300,0
5301,0
5302,1
5303,0
5304,0
5305,0
5306,0
5307,1
5308,1
5309,1
5310,0
5311,0
5312,1
5313,0
5314,1
5315,0
5316,1
5317,0
5318,0
5319,0
5320,0
5321,0
5322,0
5323,0
5324,0
5325,1
5326,0
5327,0
5328,1
5329,1
5330,0
5331,1
5332,1
5333,0
5334,0
5335,0
5336,0
5337,1
5338,0
5339,0
5340,0
5341,0
5342,0
5343,0
5344,1
5345,1
5346,1
5347,0
5348,0
5349,0
5350,0
5351,0
5352,0
5353,1
5354,0
5355,1
5356,0
5357,0
5358,0
5359,0
5360,0
5361,1
5362,0
5363,1
5364,0
5365,0
5366,1
5367,0
5368,0
5369,0
5370,0
5371,0
5372,0
5373,0
5374,0
5375,0
5376,1
5377,1
5378,1
5379,1
5380,0
5381,0
5382,0
5383,0
5384,0
5385,0
5386,0
5387,1
5388,0
5389,0
5390,0
5391,0
5392,0
5393,0
5394,0
5395,0
5396,0
5397,1
5398,0
5399,0
5400,1
5401,0
5402,0
5403,0
5404,0
5405,1
5406,1
5407,1
5408,1
5409,0
5410,0
5411,0
5412,0
5413,0
5414,0
5415,1
5416,0
5417,0
5418,0
5419,0
5420,0
5421,0
5422,0
5423,0
5424,0
5425,1
5426,0
5427,0
5428,1
5429,0
5430,1
5431,0
5432,0
5433,1
5434,0
5435,1
5436,0
5437,0
5438,0
5439,0
5440,1
5441,0
5442,0
5443,0
5444,1
5445,1
5446,1
5447,0
5448,0
5449,0
5450,0
5451,0
5452,1
5453,0
5454,0
5455,0
5456,0
5457,1
5458,0
5459,0
5460,1
5461,0
5462,1
5463,0
5464,0
5465,0
5466,0
5467,0
5468,1
5469,0
5470,0
5471,0
5472,0
5473,1
5474,0
5475,1
5476,0
5477,1
5478,0
5479,0
5480,0
5481,1
5482,0
5483,0
5484,0
5485,0
5486,0
5487,0
5488,0
5489,0
5490,1
5491,0
5492,1
5493,0
5494,0
5495,0
5496,1
5497,0
5498,0
5499,0
5500,0
5501,0
5502,1
5503,0
5504,1
5505,0
5506,0
5507,0
5508,0
5509,0
5510,0
5511,1
5512,0
5513,0
5514,0
5515,1
5516,0
5517,0
5518,1
5519,1
5520,1
5521,1
5522,0
5523,0
5524,1
5525,0
5526,0
5527,0
5528,1
5529,1
5530,0
5531,0
5532,0
5533,1
5534,0
5535,0
5536,0
5537,0
5538,0
5539,0
5540,1
5541,0
5542,0
5543,1
5544,1
5545,0
5546,1
5547,0
5548,1
5549,0
5550,0
5551,0
5552,0
5553,0
5554,0
5555,0
5556,0
5557,1
5558,1
5559,0
5560,0
5561,1
5562,1
5563,1
5564,1
5565,0
5566,0
5567,1
5568,1
5569,1
5570,1
5571,0
5572,0
5573,0
5574,0
5575,0
5576,0
5577,0
5578,0
5579,0
5580,0
5581,0
5582,1
5583,0
5584,0
5585,1
5586,1
5587,1
5588,0
5589,0
5590,0
5591,0
5592,0
5593,0
5594,0
5595,1
5596,0
5597,0
5598,0
5599,0
5600,0
5601,0
5602,0
5603,0
5604,0
5605,0
5606,0
5607,1
5608,0
5609,1
5610,0
5611,0
5612,0
5613,0
5614,0
5615,1
5616,0
5617,1
5618,0
5619,0
5620,0
5621,0
5622,1
5623,0
5624,1
5625,0
5626,0
5627,1
5628,0
5629,0
5630,1
5631,0
5632,1
5633,0
5634,1
5635,0
5636,0
5637,0
5638,0
5639,0
5640,0
5641,0
5642,1
5643,0
5644,0
5645,0
5646,0
5647,0
5648,1
5649,0
5650,0
5651,1
5652,0
5653,0
5654,0
5655,0
5656,0
5657,0
5658,0
5659,0
5660,1
5661,0
5662,0
5663,0
5664,0
5665,1
5666,1
5667,0
5668,1
5669,1
5670,0
5671,0
5672,1
5673,1
5674,0
5675,0
5676,1
5677,0
5678,1
5679,1
5680,0
5681,1
5682,0
5683,0
5684,0
5685,0
5686,1
5687,0
5688,0
5689,0
5690,0
5691,0
5692,1
5693,0
5694,1
5695,0
5696,0
5697,0
5698,0
5699,0
5700,0
5701,0
5702,0
5703,0
5704,0
5705,0
5706,1
5707,0
5708,0
5709,0
5710,1
5711,0
5712,1
5713,1
5714,1
5715,1
5716,0
5717,0
5718,0
5719,0
5720,0
5721,0
5722,0
5723,0
5724,1
5725,0
5726,0
5727,0
5728,0
5729,1
5730,1
5731,0
5732,0
5733,0
5734,0
5735,1
5736,1
5737,1
5738,0
5739,0
5740,0
5741,0
5742,0
5743,0
5744,0
5745,0
5746,0
5747,0
5748,0
5749,0
5750,0
5751,0
5752,1
5753,0
5754,1
5755,0
5756,0
5757,0
5758,1
5759,0
5760,0
5761,1
5762,0
5763,0
5764,1
5765,0
5766,0
5767,0
5768,0
5769,0
5770,0
5771,0
5772,1
5773,0
5774,0
5775,0
5776,0
5777,1
5778,0
5779,0
5780,0
5781,0
5782,0
5783,0
5784,0
5785,1
5786,0
5787,0
5788,0
5789,1
5790,0
5791,1
5792,1
5793,0
5794,1
5795,0
5796,1
5797,0
5798,0
5799,1
5800,1
5801,0
5802,0
5803,1
5804,0
5805,0
5806,0
5807,1
5808,1
5809,0
5810,1
5811,0
5812,0
5813,0
5814,0
5815,0
5816,0
5817,0
5818,0
5819,0
5820,0
5821,1
5822,0
5823,1
5824,0
5825,0
5826,1
5827,0
5828,0
5829,0
5830,0
5831,0
5832,1
5833,0
5834,0
5835,1
5836,0
5837,0
5838,0
5839,1
5840,0
5841,0
5842,1
5843,0
5844,1
5845,1
5846,0
5847,0
5848,0
5849,0
5850,1
5851,0
5852,0
5853,0
5854,0
5855,1
5856,0
5857,0
5858,0
5859,1
5860,0
5861,0
5862,1
5863,0
5864,0
5865,0
5866,0
5867,1
5868,0
5869,0
5870,0
5871,0
5872,0
5873,0
5874,0
5875,0
5876,0
5877,1
5878,1
5879,1
5880,0
5881,1
5882,1
5883,0
5884,0
5885,0
5886,1
5887,0
5888,0
5889,1
5890,1
5891,1
5892,1
5893,0
5894,0
5895,0
5896,0
5897,0
5898,1
5899,1
5900,0
5901,0
5902,0
5903,0
5904,1
5905,1
5906,0
5907,0
5908,0
5909,1
5910,0
5911,1
5912,0
5913,1
5914,1
5915,0
5916,0
5917,0
5918,0
5919,0
5920,0
5921,0
5922,0
5923,0
5924,1
5925,0
5926,0
5927,1
5928,0
5929,1
5930,0
5931,0
5932,1
5933,0
5934,0
5935,0
5936,0
5937,0
5938,1
5939,0
5940,0
5941,0
5942,1
5943,1
5944,0
5945,1
5946,0
5947,0
5948,0
5949,0
5950,0
5951,0
5952,0
5953,0
5954,0
5955,0
5956,1
5957,0
5958,0
5959,0
5960,1
5961,1
5962,1
5963,0
5964,0
5965,0
5966,0
5967,1
5968,0
5969,1
5970,0
5971,1
5972,1
5973,0
5974,1
5975,0
5976,0
5977,1
5978,0
5979,0
5980,0
5981,0
5982,0
5983,1
5984,0
5985,0
5986,0
5987,0
5988,0
5989,1
5990,0
5991,0
5992,0
5993,1
5994,1
5995,0
5996,0
5997,0
5998,0
5999,0
6000,0
6001,1
6002,0
6003,0
6004,1
6005,0
6006,0
6007,0
6008,0
6009,1
6010,0
6011,1
6012,0
6013,0
6014,0
6015,0
6016,0
6017,0
6018,1
6019,0
6020,0
6021,1
6022,1
6023,0
6024,0
6025,0
6026,1
6027,0
6028,0
6029,1
6030,0
6031,0
6032,0
6033,0
6034,0
6035,0
6036,1
6037,0
6038,1
6039,0
6040,0
6041,0
6042,0
6043,0
6044,0
6045,0
6046,0
6047,1
6048,1
6049,1
6050,0
6051,0
6052,1
6053,0
6054,0
6055,0
6056,0
6057,0
6058,0
6059,1
6060,1
6061,0
6062,1
6063,0
6064,1
6065,1
6066,0
6067,0
6068,0
6069,1
6070,0
6071,0
6072,0
6073,0
6074,0
6075,1
6076,0
6077,1
6078,0
6079,0
6080,0
6081,0
6082,0
6083,1
6084,0
6085,0
6086,1
6087,0
6088,0
6089,0
6090,0
6091,0
6092,0
6093,0
6094,0
6095,0
6096,0
6097,1
6098,1
6099,1
6100,0
6101,0
6102,1
6103,0
6104,1
6105,1
6106,0
6107,0
6108,0
6109,0
6110,1
6111,0
6112,0
6113,0
6114,1
6115,0
6116,0
6117,0
6118,0
6119,1
6120,0
6121,0
6122,1
6123,0
6124,0
6125,1
6126,1
6127,0
6128,0
6129,1
6130,0
6131,0
6132,0
6133,1
6134,0
6135,1
6136,0
6137,0
6138,0
6139,0
6140,0
6141,0
6142,0
6143,0
6144,0
6145,0
6146,0
6147,1
6148,1
6149,0
6150,0
6151,0
6152,0
6153,1
6154,1
6155,0
6156,0
6157,0
6158,0
6159,1
6160,1
6161,0
6162,0
6163,0
6164,1
6165,0
6166,0
6167,0
6168,0
6169,1
6170,0
6171,1
6172,0
6173,0
6174,1
6175,0
6176,1
6177,0
6178,0
6179,0
6180,1
6181,1
6182,0
6183,0
6184,0
6185,0
6186,1
6187,0
6188,0
6189,0
6190,1
6191,1
6192,0
6193,0
6194,0
6195,1
6196,0
6197,0
6198,0
6199,0
6200,0
6201,0
6202,0
6203,0
6204,0
6205,0
6206,0
6207,0
6208,1
6209,1
6210,1
6211,1
6212,0
6213,0
6214,0
6215,1
6216,0
6217,1
6218,1
6219,0
6220,0
6221,0
6222,0
6223,0
6224,0
6225,0
6226,1
6227,0
6228,1
6229,1
6230,0
6231,0
6232,1
6233,0
6234,0
6235,0
6236,0
6237,0
6238,0
6239,0
6240,0
6241,1
6242,0
6243,0
6244,1
6245,0
6246,0
6247,1
6248,0
6249,0
6250,1
6251,0
6252,1
6253,0
6254,0
6255,0
6256,0
6257,1
6258,0
6259,0
6260,0
6261,0
6262,1
6263,1
6264,1
6265,0
6266,1
6267,0
6268,0
6269,0
6270,0
6271,0
6272,0
6273,0
6274,0
6275,0
6276,0
6277,0
6278,0
6279,0
6280,0
6281,0
6282,1
6283,0
6284,0
6285,1
6286,0
6287,0
6288,1
6289,1
6290,1
6291,1
6292,0
6293,0
6294,1
6295,0
6296,0
6297,0
6298,0
6299,1
6300,0
6301,1
6302,0
6303,0
6304,0
6305,0
6306,0
6307,0
6308,1
6309,0
6310,0
6311,0
6312,1
6313,0
6314,0
6315,0
6316,0
6317,0
6318,1
6319,1
6320,0
6321,1
6322,0
6323,1
6324,1
6325,1
6326,1
6327,0
6328,1
6329,0
6330,0
6331,0
6332,1
6333,0
6334,1
6335,1
6336,0
6337,0
6338,0
6339,1
6340,0
6341,1
6342,1
6343,1
6344,1
6345,1
6346,0
6347,1
6348,0
6349,1
6350,0
6351,1
6352,1
6353,0
6354,1
6355,0
6356,0
6357,1
6358,0
6359,1
6360,1
6361,0
6362,0
6363,0
6364,0
6365,0
6366,1
6367,0
6368,0
6369,1
6370,1
6371,0
6372,0
6373,1
6374,0
6375,0
6376,1
6377,0
6378,0
6379,0
6380,0
6381,1
6382,0
6383,0
6384,0
6385,0
6386,0
6387,0
6388,0
6389,0
6390,0
6391,1
6392,0
6393,0
6394,0
6395,1
6396,0
6397,1
6398,0
6399,0
6400,0
6401,0
6402,1
6403,1
6404,0
6405,0
6406,0
6407,0
6408,0
6409,0
6410,0
6411,0
6412,0
6413,1
6414,0
6415,0
6416,0
6417,0
6418,0
6419,1
6420,0
6421,0
6422,0
6423,0
6424,0
6425,0
6426,0
6427,0
6428,0
6429,0
6430,1
6431,1
6432,1
6433,1
6434,0
6435,1
6436,0
6437,0
6438,0
6439,0
6440,0
6441,0
6442,1
6443,1
6444,0
6445,0
6446,0
6447,0
6448,0
6449,0
6450,0
6451,0
6452,0
6453,1
6454,1
6455,0
6456,0
6457,0
6458,0
6459,0
6460,0
6461,0
6462,1
6463,1
6464,1
6465,1
6466,1
6467,0
6468,1
6469,0
6470,0
6471,0
6472,0
6473,0
6474,0
6475,0
6476,0
6477,0
6478,1
6479,0
6480,0
6481,0
6482,0
6483,0
6484,0
6485,0
6486,1
6487,1
6488,0
6489,1
6490,1
6491,0
6492,0
6493,0
6494,1
6495,0
6496,1
6497,0
6498,0
6499,0
6500,1
6501,0
6502,0
6503,0
6504,0
6505,0
6506,0
6507,0
6508,0
6509,0
6510,0
6511,0
6512,0
6513,0
6514,1
6515,0
6516,0
6517,0
6518,0
6519,0
6520,0
6521,1
6522,0
6523,0
6524,1
6525,0
6526,0
6527,0
6528,0
6529,0
6530,1
6531,0
6532,1
6533,0
6534,1
6535,0
6536,0
6537,1
6538,0
6539,0
6540,1
6541,1
6542,1
6543,1
6544,0
6545,0
6546,1
6547,0
6548,0
6549,0
6550,1
6551,1
6552,0
6553,0
6554,1
6555,0
6556,0
6557,1
6558,0
6559,0
6560,0
6561,1
6562,0
6563,0
6564,0
6565,0
6566,1
6567,0
6568,0
6569,0
6570,0
6571,0
6572,1
6573,0
6574,1
6575,0
6576,1
6577,1
6578,1
6579,0
6580,1
6581,0
6582,0
6583,0
6584,0
6585,0
6586,0
6587,0
6588,0
6589,0
6590,0
6591,0
6592,1
6593,0
6594,0
6595,0
6596,0
6597,1
6598,0
6599,0
6600,0
6601,0
6602,0
6603,1
6604,0
6605,0
6606,0
6607,0
6608,0
6609,0
6610,0
6611,0
6612,0
6613,0
6614,1
6615,0
6616,1
6617,1
6618,1
6619,0
6620,0
6621,1
6622,1
6623,0
6624,0
6625,1
6626,1
6627,0
6628,0
6629,0
6630,1
6631,0
6632,1
6633,1
6634,0
6635,0
6636,0
6637,0
6638,0
6639,1
6640,0
6641,0
6642,0
6643,1
6644,1
6645,0
6646,1
6647,0
6648,0
6649,0
6650,0
6651,0
6652,0
6653,0
6654,0
6655,0
6656,1
6657,1
6658,0
6659,0
6660,1
6661,1
6662,0
6663,0
6664,0
6665,0
6666,0
6667,1
6668,0
6669,1
6670,0
6671,0
6672,1
6673,0
6674,0
6675,1
6676,0
6677,0
6678,0
6679,0
6680,0
6681,0
6682,1
6683,1
6684,0
6685,0
6686,0
6687,0
6688,0
6689,0
6690,0
6691,0
6692,0
6693,0
6694,1
6695,1
6696,0
6697,1
6698,0
6699,0
6700,0
6701,0
6702,1
6703,0
6704,0
6705,0
6706,0
6707,0
6708,0
6709,0
6710,0
6711,1
6712,0
6713,1
6714,0
6715,0
6716,0
6717,0
6718,0
6719,0
6720,0
6721,1
6722,1
6723,1
6724,0
6725,0
6726,0
6727,1
6728,1
6729,0
6730,1
6731,1
6732,0
6733,0
6734,0
6735,0
6736,0
6737,1
6738,0
6739,0
6740,0
6741,0
6742,0
6743,1
6744,0
6745,0
6746,0
6747,0
6748,1
6749,0
6750,0
6751,1
6752,1
6753,0
6754,0
6755,0
6756,0
6757,1
6758,0
6759,0
6760,0
6761,0
6762,0
6763,0
6764,0
6765,1
6766,0
6767,1
6768,0
6769,0
6770,1
6771,0
6772,0
6773,0
6774,0
6775,0
6776,0
6777,0
6778,0
6779,0
6780,1
6781,0
6782,0
6783,0
6784,1
6785,0
6786,0
6787,1
6788,1
6789,0
6790,0
6791,0
6792,0
6793,1
6794,1
6795,0
6796,0
6797,0
6798,0
6799,0
6800,1
6801,0
6802,0
6803,0
6804,0
6805,1
6806,0
6807,0
6808,0
6809,0
6810,0
6811,0
6812,0
6813,0
6814,1
6815,0
6816,0
6817,0
6818,1
6819,1
6820,1
6821,0
6822,1
6823,0
6824,1
6825,1
6826,0
6827,0
6828,0
6829,0
6830,0
6831,1
6832,0
6833,1
6834,0
6835,0
6836,0
6837,1
6838,1
6839,0
6840,1
6841,1
6842,0
6843,0
6844,0
6845,1
6846,1
6847,0
6848,1
6849,0
6850,1
6851,0
6852,0
6853,0
6854,1
6855,1
6856,0
6857,0
6858,1
6859,0
6860,0
6861,1
6862,0
6863,0
6864,0
6865,0
6866,0
6867,1
6868,0
6869,0
6870,0
6871,0
6872,0
6873,0
6874,0
6875,1
6876,0
6877,0
6878,1
6879,0
6880,0
6881,0
6882,1
6883,0
6884,0
6885,0
6886,0
6887,1
6888,0
6889,0
6890,0
6891,1
6892,0
6893,1
6894,0
6895,0
6896,0
6897,0
6898,1
6899,1
6900,0
6901,0
6902,0
6903,0
6904,0
6905,0
6906,1
6907,0
6908,0
6909,0
6910,0
6911,0
6912,1
6913,0
6914,0
6915,0
6916,1
6917,1
6918,0
6919,0
6920,0
6921,0
6922,1
6923,0
6924,1
6925,1
6926,1
6927,0
6928,0
6929,0
6930,0
6931,0
6932,1
6933,1
6934,0
6935,0
6936,1
6937,0
6938,0
6939,0
6940,1
6941,0
6942,0
6943,0
6944,0
6945,1
6946,1
6947,0
6948,1
6949,0
6950,1
6951,0
6952,0
6953,1
6954,0
6955,1
6956,0
6957,0
6958,0
6959,1
6960,0
6961,0
6962,0
6963,0
6964,0
6965,0
6966,0
6967,0
6968,1
6969,0
6970,0
6971,1
6972,1
6973,0
6974,1
6975,1
6976,0
6977,0
6978,0
6979,0
6980,0
6981,0
6982,0
6983,0
6984,1
6985,0
6986,0
6987,0
6988,0
6989,0
6990,0
6991,0
6992,0
6993,0
6994,0
6995,0
6996,0
6997,0
6998,0
6999,0
7000,0
7001,0
7002,1
7003,0
7004,0
7005,0
7006,0
7007,0
7008,0
7009,1
7010,0
7011,1
7012,0
7013,0
7014,0
7015,0
7016,0
7017,0
7018,0
7019,0
7020,0
7021,1
7022,0
7023,0
7024,0
7025,1
7026,0
7027,0
7028,1
7029,0
7030,0
7031,0
7032,0
7033,0
7034,0
7035,0
7036,1
7037,0
7038,0
7039,1
7040,0
7041,0
7042,0
7043,1
7044,0
7045,1
7046,0
7047,0
7048,0
7049,1
7050,1
7051,0
7052,1
7053,0
7054,0
7055,0
7056,0
7057,0
7058,0
7059,1
7060,0
7061,1
7062,0
7063,0
7064,0
7065,1
7066,0
7067,0
7068,1
7069,0
7070,1
7071,0
7072,0
7073,0
7074,0
7075,0
7076,0
7077,0
7078,0
7079,0
7080,1
7081,1
7082,0
7083,0
7084,1
7085,0
7086,0
7087,0
7088,1
7089,1
7090,1
7091,1
7092,1
7093,1
7094,1
7095,0
7096,0
7097,0
7098,0
7099,0
7100,1
7101,0
7102,0
7103,1
7104,0
7105,1
7106,0
7107,1
7108,0
7109,1
7110,0
7111,0
7112,1
7113,0
7114,0
7115,0
7116,0
7117,0
7118,1
7119,0
7120,0
7121,0
7122,1
7123,1
7124,1
7125,0
7126,0
7127,0
7128,0
7129,0
7130,0
7131,0
7132,1
7133,1
7134,1
7135,0
7136,0
7137,1
7138,0
7139,0
7140,0
7141,1
7142,0
7143,0
7144,0
7145,0
7146,0
7147,1
7148,1
7149,1
7150,1
7151,0
7152,0
7153,0
7154,0
7155,0
7156,0
7157,0
7158,0
7159,0
7160,0
7161,1
7162,0
7163,0
7164,0
7165,0
7166,1
7167,0
7168,0
7169,0
7170,1
7171,0
7172,0
7173,0
7174,1
7175,0
7176,0
7177,0
7178,0
7179,0
7180,0
7181,0
7182,0
7183,0
7184,1
7185,1
7186,0
7187,0
7188,0
7189,1
7190,1
7191,1
7192,1
7193,0
7194,0
7195,0
7196,1
7197,1
7198,0
7199,1
7200,0
7201,0
7202,0
7203,1
7204,1
7205,0
7206,0
7207,0
7208,0
7209,0
7210,0
7211,0
7212,1
7213,1
7214,0
7215,0
7216,0
7217,1
7218,0
7219,1
7220,0
7221,0
7222,1
7223,0
7224,0
7225,0
7226,1
7227,0
7228,0
7229,1
7230,0
7231,0
7232,1
7233,1
7234,0
7235,0
7236,1
7237,0
7238,1
7239,1
7240,0
7241,0
7242,0
7243,0
7244,0
7245,0
7246,0
7247,0
7248,1
7249,0
7250,0
7251,0
7252,0
7253,0
7254,0
7255,0
7256,0
7257,0
7258,0
7259,0
7260,0
7261,0
7262,0
7263,0
7264,0
7265,0
7266,0
7267,0
7268,0
7269,0
7270,0
7271,0
7272,1
7273,0
7274,0
7275,0
7276,0
7277,1
7278,1
7279,1
7280,0
7281,0
7282,0
7283,0
7284,0
7285,0
7286,0
7287,0
7288,1
7289,0
7290,0
7291,0
7292,0
7293,0
7294,0
7295,0
7296,1
7297,1
7298,0
7299,0
7300,1
7301,1
7302,1
7303,0
7304,0
7305,1
7306,0
7307,1
7308,0
7309,0
7310,0
7311,1
7312,1
7313,0
7314,1
7315,1
7316,0
7317,0
7318,0
7319,0
7320,0
7321,0
7322,0
7323,0
7324,0
7325,0
7326,1
7327,0
7328,0
7329,1
7330,0
7331,0
7332,0
7333,0
7334,0
7335,0
7336,1
7337,0
7338,1
7339,0
7340,0
7341,1
7342,0
7343,1
7344,0
7345,0
7346,0
7347,1
7348,0
7349,1
7350,0
7351,0
7352,0
7353,1
7354,0
7355,0
7356,1
7357,1
7358,0
7359,0
7360,0
7361,0
7362,1
7363,0
7364,0
7365,1
7366,0
7367,1
7368,0
7369,0
7370,0
7371,1
7372,1
7373,1
7374,0
7375,0
7376,1
7377,0
7378,1
7379,1
7380,0
7381,0
7382,0
7383,0
7384,0
7385,0
7386,0
7387,0
7388,0
7389,0
7390,1
7391,0
7392,0
7393,0
7394,0
7395,0
7396,0
7397,0
7398,1
7399,0
7400,0
7401,0
7402,0
7403,0
7404,0
7405,0
7406,0
7407,0
7408,1
7409,0
7410,1
7411,0
7412,1
7413,0
7414,0
7415,0
7416,1
7417,0
7418,1
7419,1
7420,0
7421,0
7422,0
7423,1
7424,0
7425,0
7426,0
7427,0
7428,0
7429,0
7430,0
7431,1
7432,1
7433,0
7434,1
7435,0
7436,0
7437,1
7438,0
7439,0
7440,0
7441,0
7442,0
7443,1
7444,0
7445,0
7446,0
7447,0
7448,1
7449,0
7450,1
7451,0
7452,0
7453,0
7454,1
7455,1
7456,1
7457,0
7458,0
7459,0
7460,0
7461,0
7462,1
7463,0
7464,0
7465,0
7466,0
7467,1
7468,1
7469,1
7470,0
7471,0
7472,0
7473,0
7474,0
7475,0
7476,0
7477,0
7478,0
7479,0
7480,1
7481,0
7482,0
7483,0
7484,0
7485,0
7486,1
7487,0
7488,1
7489,0
7490,0
7491,0
7492,0
7493,0
7494,1
7495,0
7496,0
7497,0
7498,0
7499,1
7500,0
7501,0
7502,0
7503,1
7504,0
7505,0
7506,0
7507,1
7508,0
7509,0
7510,0
7511,0
7512,0
7513,0
7514,1
7515,1
7516,0
7517,0
7518,0
7519,0
7520,0
7521,0
7522,0
7523,0
7524,0
7525,0
7526,0
7527,0
7528,0
7529,1
7530,1
7531,1
7532,0
7533,1
7534,0
7535,0
7536,0
7537,0
7538,1
7539,1
7540,1
7541,0
7542,0
7543,0
7544,0
7545,1
7546,1
7547,0
7548,0
7549,0
7550,0
7551,0
7552,0
7553,0
7554,0
7555,0
7556,1
7557,0
7558,0
7559,0
7560,0
7561,0
7562,0
7563,0
7564,0
7565,1
7566,0
7567,0
7568,0
7569,0
7570,0
7571,1
7572,1
7573,0
7574,0
7575,0
7576,0
7577,0
7578,1
7579,0
7580,0
7581,0
7582,1
7583,0
7584,1
7585,0
7586,1
7587,0
7588,1
7589,1
7590,0
7591,0
7592,0
7593,0
7594,0
7595,0
7596,0
7597,0
7598,1
7599,1
7600,0
7601,1
7602,0
7603,0
7604,0
7605,0
7606,0
7607,0
7608,0
7609,1
7610,0
7611,0
7612,0
7613,1
7614,0
7615,1
7616,0
7617,0
7618,1
7619,0
7620,0
7621,1
7622,0
7623,0
7624,1
7625,1
7626,1
7627,1
7628,0
7629,1
7630,0
7631,1
7632,0
7633,1
7634,1
7635,1
7636,1
7637,0
7638,1
7639,1
7640,1
7641,1
7642,0
7643,0
7644,0
7645,0
7646,1
7647,0
7648,0
7649,1
7650,0
7651,0
7652,0
7653,0
7654,0
7655,0
7656,0
7657,0
7658,0
7659,1
7660,0
7661,0
7662,0
7663,0
7664,0
7665,1
7666,1
7667,0
7668,0
7669,1
7670,1
7671,0
7672,1
7673,1
7674,1
7675,0
7676,0
7677,1
7678,0
7679,1
7680,0
7681,0
7682,1
7683,0
7684,1
7685,1
7686,0
7687,1
7688,0
7689,1
7690,0
7691,0
7692,1
7693,0
7694,0
7695,0
7696,0
7697,0
7698,1
7699,0
7700,0
7701,0
7702,1
7703,1
7704,1
7705,0
7706,0
7707,0
7708,0
7709,0
7710,1
7711,1
7712,0
7713,0
7714,0
7715,1
7716,1
7717,0
7718,1
7719,0
7720,0
7721,0
7722,0
7723,0
7724,1
7725,0
7726,0
7727,0
7728,1
7729,0
7730,1
7731,0
7732,0
7733,0
7734,1
7735,1
7736,1
7737,0
7738,0
7739,0
7740,0
7741,0
7742,0
7743,0
7744,0
7745,1
7746,0
7747,0
7748,0
7749,0
7750,0
7751,0
7752,0
7753,0
7754,0
7755,1
7756,0
7757,0
7758,0
7759,0
7760,0
7761,0
7762,1
7763,0
7764,0
7765,1
7766,1
7767,0
7768,0
7769,1
7770,0
7771,0
7772,0
7773,0
7774,1
7775,1
7776,0
7777,0
7778,1
7779,0
7780,0
7781,0
7782,1
7783,0
7784,1
7785,0
7786,1
7787,0
7788,0
7789,0
7790,0
7791,1
7792,1
7793,0
7794,0
7795,0
7796,0
7797,0
7798,1
7799,0
7800,0
7801,0
7802,0
7803,0
7804,0
7805,0
7806,0
7807,0
7808,0
7809,0
7810,0
7811,0
7812,0
7813,1
7814,0
7815,0
7816,0
7817,0
7818,0
7819,1
7820,0
7821,0
7822,1
7823,1
7824,0
7825,0
7826,1
7827,0
7828,0
7829,0
7830,0
7831,1
7832,0
7833,0
7834,0
7835,0
7836,0
7837,1
7838,1
7839,0
7840,0
7841,1
7842,0
7843,0
7844,0
7845,0
7846,0
7847,1
7848,1
7849,0
7850,0
7851,1
7852,1
7853,0
7854,1
7855,0
7856,0
7857,0
7858,0
7859,1
7860,0
7861,0
7862,0
7863,1
7864,1
7865,0
7866,1
7867,0
7868,0
7869,1
7870,1
7871,1
7872,0
7873,0
7874,0
7875,1
7876,0
7877,1
7878,0
7879,1
7880,1
7881,0
7882,0
7883,0
7884,0
7885,1
7886,0
7887,0
7888,1
7889,0
7890,1
7891,0
7892,0
7893,0
7894,0
7895,0
7896,1
7897,0
7898,1
7899,0
7900,0
7901,0
7902,0
7903,0
7904,0
7905,0
7906,0
7907,0
7908,0
7909,0
7910,0
7911,0
7912,0
7913,1
7914,0
7915,0
7916,0
7917,0
7918,1
7919,0
7920,0
7921,0
7922,0
7923,0
7924,0
7925,0
7926,0
7927,0
7928,0
7929,0
7930,0
7931,0
7932,0
7933,0
7934,0
7935,0
7936,0
7937,1
7938,0
7939,0
7940,0
7941,1
7942,1
7943,1
7944,0
7945,0
7946,1
7947,0
7948,1
7949,0
7950,0
7951,0
7952,1
7953,0
7954,0
7955,1
7956,0
7957,1
7958,1
7959,0
7960,0
7961,1
7962,0
7963,0
7964,0
7965,0
7966,0
7967,1
7968,0
7969,0
7970,0
7971,0
7972,0
7973,0
7974,0
7975,0
7976,0
7977,0
7978,0
7979,0
7980,1
7981,1
7982,0
7983,0
7984,1
7985,0
7986,0
7987,0
7988,0
7989,0
7990,0
7991,0
7992,1
7993,0
7994,1
7995,0
7996,0
7997,0
7998,1
7999,1
8000,1
8001,0
8002,0
8003,0
8004,0
8005,0
8006,0
8007,0
8008,0
8009,0
8010,1
8011,1
8012,1
8013,0
8014,1
8015,0
8016,1
8017,1
8018,0
8019,0
8020,1
8021,0
8022,0
8023,0
8024,1
8025,1
8026,1
8027,0
8028,0
8029,1
8030,1
8031,0
8032,1
8033,0
8034,1
8035,1
8036,1
8037,0
8038,0
8039,0
8040,0
8041,0
8042,0
8043,1
8044,1
8045,0
8046,0
8047,0
8048,0
8049,0
8050,0
8051,1
8052,0
8053,0
8054,0
8055,1
8056,0
8057,0
8058,0
8059,0
8060,0
8061,1
8062,1
8063,1
8064,0
8065,0
8066,0
8067,1
8068,0
8069,0
8070,0
8071,1
8072,1
8073,0
8074,0
8075,1
8076,0
8077,0
8078,0
8079,0
8080,0
8081,0
8082,0
8083,1
8084,0
8085,0
8086,0
8087,0
8088,1
8089,0
8090,0
8091,1
8092,0
8093,0
8094,0
8095,0
8096,0
8097,1
8098,0
8099,1
8100,1
8101,0
8102,0
8103,0
8104,0
8105,0
8106,1
8107,0
8108,0
8109,0
8110,1
8111,1
8112,0
8113,0
8114,1
8115,0
8116,1
8117,0
8118,0
8119,0
8120,0
8121,1
8122,1
8123,0
8124,0
8125,0
8126,1
8127,0
8128,0
8129,0
8130,1
8131,1
8132,0
8133,0
8134,0
8135,0
8136,1
8137,1
8138,0
8139,0
8140,0
8141,1
8142,0
8143,0
8144,0
8145,0
8146,0
8147,0
8148,0
8149,1
8150,0
8151,0
8152,0
8153,1
8154,0
8155,0
8156,0
8157,0
8158,0
8159,0
8160,0
8161,0
8162,1
8163,1
8164,1
8165,0
8166,0
8167,0
8168,0
8169,0
8170,0
8171,0
8172,1
8173,0
8174,0
8175,1
8176,0
8177,0
8178,0
8179,0
8180,1
8181,0
8182,0
8183,1
8184,0
8185,0
8186,0
8187,1
8188,1
8189,0
8190,0
8191,0
8192,0
8193,0
8194,1
8195,0
8196,0
8197,0
8198,1
8199,1
8200,0
8201,0
8202,1
8203,0
8204,0
8205,0
8206,0
8207,0
8208,1
8209,1
8210,0
8211,0
8212,0
8213,1
8214,0
8215,0
8216,1
8217,1
8218,1
8219,1
8220,1
8221,0
8222,1
8223,1
8224,1
8225,0
8226,0
8227,0
8228,0
8229,0
8230,0
8231,0
8232,1
8233,0
8234,1
8235,0
8236,0
8237,0
8238,1
8239,0
8240,0
8241,1
8242,0
8243,0
8244,0
8245,1
8246,0
8247,1
8248,0
8249,0
8250,0
8251,0
8252,1
8253,1
8254,0
8255,0
8256,0
8257,1
8258,0
8259,0
8260,0
8261,0
8262,0
8263,0
8264,1
8265,0
8266,0
8267,0
8268,1
8269,1
8270,1
8271,1
8272,0
8273,1
8274,0
8275,0
8276,1
8277,0
8278,0
8279,0
8280,1
8281,0
8282,0
8283,0
8284,0
8285,1
8286,0
8287,0
8288,1
8289,1
8290,0
8291,0
8292,0
8293,0
8294,0
8295,1
8296,0
8297,1
8298,0
8299,0
8300,1
8301,0
8302,1
8303,0
8304,1
8305,0
8306,0
8307,0
8308,1
8309,0
8310,0
8311,1
8312,1
8313,0
8314,0
8315,1
8316,1
8317,0
8318,1
8319,1
8320,0
8321,1
8322,0
8323,0
8324,1
8325,0
8326,0
8327,1
8328,0
8329,0
8330,1
8331,0
8332,0
8333,0
8334,0
8335,0
8336,0
8337,1
8338,1
8339,1
8340,0
8341,0
8342,0
8343,0
8344,0
8345,0
8346,1
8347,0
8348,0
8349,0
8350,1
8351,0
8352,0
8353,1
8354,0
8355,0
8356,0
8357,0
8358,1
8359,0
8360,0
8361,1
8362,1
8363,0
8364,1
8365,0
8366,1
8367,0
8368,1
8369,0
8370,0
8371,1
8372,1
8373,1
8374,0
8375,1
8376,0
8377,1
8378,0
8379,1
8380,0
8381,0
8382,1
8383,0
8384,1
8385,1
8386,1
8387,0
8388,0
8389,0
8390,0
8391,0
8392,1
8393,1
8394,0
8395,0
8396,0
8397,1
8398,0
8399,1
8400,0
8401,1
8402,0
8403,1
8404,0
8405,0
8406,0
8407,0
8408,0
8409,1
8410,0
8411,0
8412,0
8413,1
8414,0
8415,1
8416,0
8417,0
8418,0
8419,0
8420,1
8421,0
8422,1
8423,0
8424,0
8425,0
8426,1
8427,0
8428,0
8429,0
8430,1
8431,0
8432,0
8433,1
8434,0
8435,0
8436,1
8437,0
8438,1
8439,0
8440,1
8441,0
8442,0
8443,1
8444,1
8445,0
8446,0
8447,1
8448,0
8449,1
8450,0
8451,0
8452,0
8453,1
8454,0
8455,0
8456,1
8457,1
8458,1
8459,0
8460,1
8461,1
8462,0
8463,0
8464,1
8465,0
8466,1
8467,1
8468,1
8469,0
8470,0
8471,0
8472,0
8473,0
8474,1
8475,0
8476,0
8477,1
8478,0
8479,0
8480,1
8481,1
8482,1
8483,1
8484,0
8485,0
8486,0
8487,1
8488,0
8489,1
8490,0
8491,1
8492,0
8493,0
8494,1
8495,1
8496,1
8497,0
8498,0
8499,0
8500,0
8501,1
8502,0
8503,0
8504,0
8505,0
8506,1
8507,1
8508,0
8509,0
8510,0
8511,1
8512,1
8513,0
8514,0
8515,1
8516,0
8517,1
8518,0
8519,0
8520,1
8521,0
8522,1
8523,1
8524,0
8525,0
8526,0
8527,1
8528,0
8529,0
8530,0
8531,1
8532,0
8533,0
8534,0
8535,1
8536,1
8537,1
8538,1
8539,0
8540,0
8541,1
8542,0
8543,1
8544,1
8545,0
8546,0
8547,0
8548,1
8549,1
8550,0
8551,0
8552,1
8553,1
8554,0
8555,1
8556,0
8557,0
8558,0
8559,0
8560,1
8561,0
8562,0
8563,1
8564,0
8565,0
8566,0
8567,0
8568,0
8569,1
8570,0
8571,1
8572,0
8573,0
8574,0
8575,0
8576,0
8577,0
8578,1
8579,0
8580,0
8581,0
8582,1
8583,1
8584,1
8585,0
8586,0
8587,1
8588,0
8589,0
8590,1
8591,0
8592,1
8593,1
8594,0
8595,0
8596,0
8597,1
8598,1
8599,0
8600,1
8601,0
8602,1
8603,1
8604,1
8605,1
8606,0
8607,1
8608,0
8609,0
8610,0
8611,0
8612,0
8613,1
8614,1
8615,0
8616,1
8617,0
8618,0
8619,0
8620,1
8621,1
8622,1
8623,0
8624,1
8625,0
8626,0
8627,0
8628,0
8629,0
8630,0
8631,0
8632,1
8633,0
8634,1
8635,1
8636,0
8637,0
8638,0
8639,1
8640,1
8641,0
8642,1
8643,0
8644,0
8645,1
8646,0
8647,0
8648,0
8649,0
8650,1
8651,1
8652,0
8653,1
8654,1
8655,1
8656,1
8657,0
8658,0
8659,1
8660,0
8661,0
8662,0
8663,0
8664,1
8665,1
8666,0
8667,0
8668,0
8669,0
8670,1
8671,0
8672,0
8673,0
8674,0
8675,0
8676,0
8677,1
8678,0
8679,0
8680,0
8681,0
8682,0
8683,0
8684,0
8685,0
8686,0
8687,0
8688,0
8689,0
8690,0
8691,1
8692,0
8693,0
8694,0
8695,0
8696,1
8697,0
8698,0
8699,1
8700,0
8701,0
8702,0
8703,0
8704,0
8705,1
8706,0
8707,0
8708,0
8709,1
8710,1
8711,0
8712,0
8713,0
8714,1
8715,0
8716,1
8717,0
8718,0
8719,0
8720,1
8721,0
8722,1
8723,0
8724,1
8725,1
8726,0
8727,0
8728,0
8729,0
8730,0
8731,0
8732,0
8733,0
8734,0
8735,1
8736,0
8737,0
8738,0
8739,0
8740,0
8741,0
8742,0
8743,0
8744,0
8745,0
8746,1
8747,0
8748,1
8749,1
8750,1
8751,0
8752,0
8753,0
8754,0
8755,0
8756,0
8757,1
8758,0
8759,0
8760,0
8761,0
8762,0
8763,1
8764,0
8765,0
8766,0
8767,1
8768,0
8769,0
8770,1
8771,0
8772,0
8773,0
8774,0
8775,0
8776,0
8777,0
8778,0
8779,0
8780,0
8781,1
8782,0
8783,0
8784,0
8785,1
8786,0
8787,0
8788,1
8789,0
8790,1
8791,1
8792,0
8793,0
8794,0
8795,1
8796,0
8797,1
8798,0
8799,0
8800,0
8801,0
8802,1
8803,0
8804,1
8805,0
8806,0
8807,0
8808,1
8809,0
8810,1
8811,0
8812,0
8813,1
8814,0
8815,0
8816,0
8817,1
8818,0
8819,1
8820,0
8821,0
8822,0
8823,0
8824,0
8825,0
8826,0
8827,0
8828,1
8829,1
8830,1
8831,0
8832,1
8833,0
8834,0
8835,0
8836,1
8837,1
8838,0
8839,1
8840,0
8841,0
8842,0
8843,0
8844,1
8845,0
8846,0
8847,0
8848,0
8849,1
8850,1
8851,0
8852,1
8853,1
8854,1
8855,0
8856,1
8857,0
8858,0
8859,1
8860,0
8861,0
8862,0
8863,1
8864,0
8865,1
8866,0
8867,1
8868,0
8869,1
8870,1
8871,1
8872,1
8873,0
8874,0
8875,0
8876,0
8877,0
8878,0
8879,0
8880,0
8881,0
8882,0
8883,1
8884,0
8885,0
8886,0
8887,0
8888,0
8889,0
8890,1
8891,1
8892,0
8893,0
8894,0
8895,0
8896,0
8897,0
8898,0
8899,1
8900,1
8901,1
8902,0
8903,0
8904,0
8905,1
8906,0
8907,1
8908,1
8909,1
8910,0
8911,0
8912,1
8913,0
8914,0
8915,0
8916,0
8917,0
8918,0
8919,0
8920,1
8921,0
8922,0
8923,0
8924,0
8925,1
8926,0
8927,0
8928,0
8929,0
8930,0
8931,0
8932,1
8933,0
8934,0
8935,0
8936,0
8937,1
8938,0
8939,0
8940,1
8941,0
8942,1
8943,0
8944,0
8945,0
8946,0
8947,1
8948,0
8949,0
8950,0
8951,0
8952,0
8953,0
8954,1
8955,1
8956,0
8957,1
8958,0
8959,0
8960,0
8961,1
8962,0
8963,1
8964,0
8965,1
8966,0
8967,1
8968,1
8969,0
8970,0
8971,1
8972,0
8973,0
8974,0
8975,1
8976,0
8977,1
8978,0
8979,0
8980,0
8981,1
8982,0
8983,0
8984,1
8985,0
8986,0
8987,0
8988,0
8989,0
8990,0
8991,0
8992,0
8993,0
8994,1
8995,0
8996,0
8997,0
8998,1
8999,0
9000,0
9001,0
9002,1
9003,1
9004,0
9005,0
9006,0
9007,0
9008,0
9009,0
9010,0
9011,0
9012,0
9013,0
9014,0
9015,0
9016,0
9017,1
9018,0
9019,0
9020,0
9021,0
9022,0
9023,0
9024,1
9025,0
9026,0
9027,0
9028,0
9029,0
9030,0
9031,0
9032,0
9033,0
9034,0
9035,0
9036,1
9037,1
9038,0
9039,0
9040,0
9041,1
9042,0
9043,0
9044,0
9045,1
9046,1
9047,0
9048,0
9049,0
9050,1
9051,0
9052,0
9053,0
9054,0
9055,0
9056,0
9057,0
9058,0
9059,0
9060,0
9061,0
9062,0
9063,0
9064,0
9065,1
9066,1
9067,0
9068,0
9069,0
9070,1
9071,0
9072,1
9073,0
9074,0
9075,0
9076,0
9077,0
9078,0
9079,0
9080,0
9081,0
9082,0
9083,0
9084,0
9085,0
9086,0
9087,0
9088,1
9089,0
9090,1
9091,0
9092,1
9093,0
9094,0
9095,0
9096,1
9097,0
9098,0
9099,0
9100,0
9101,1
9102,0
9103,0
9104,0
9105,1
9106,1
9107,0
9108,1
9109,0
9110,0
9111,1
9112,0
9113,0
9114,0
9115,0
9116,1
9117,0
9118,0
9119,0
9120,0
9121,0
9122,0
9123,1
9124,0
9125,0
9126,0
9127,0
9128,1
9129,1
9130,1
9131,1
9132,1
9133,0
9134,0
9135,1
9136,0
9137,0
9138,1
9139,0
9140,0
9141,0
9142,0
9143,0
9144,1
9145,0
9146,0
9147,0
9148,0
9149,0
9150,0
9151,0
9152,1
9153,0
9154,0
9155,0
9156,0
9157,0
9158,1
9159,0
9160,0
9161,0
9162,1
9163,0
9164,1
9165,1
9166,1
9167,1
9168,0
9169,0
9170,0
9171,0
9172,0
9173,0
9174,0
9175,1
9176,0
9177,0
9178,0
9179,1
9180,0
9181,0
9182,0
9183,0
9184,1
9185,0
9186,0
9187,0
9188,0
9189,0
9190,0
9191,0
9192,0
9193,0
9194,0
9195,0
9196,1
9197,0
9198,1
9199,0
9200,0
9201,0
9202,0
9203,0
9204,0
9205,0
9206,0
9207,0
9208,0
9209,0
9210,0
9211,0
9212,0
9213,0
9214,1
9215,0
9216,0
9217,1
9218,0
9219,0
9220,0
9221,0
9222,0
9223,0
9224,0
9225,1
9226,0
9227,1
9228,0
9229,1
9230,1
9231,1
9232,0
9233,0
9234,1
9235,0
9236,0
9237,0
9238,0
9239,0
9240,0
9241,1
9242,0
9243,0
9244,0
9245,0
9246,0
9247,0
9248,0
9249,0
9250,0
9251,1
9252,0
9253,0
9254,1
9255,0
9256,0
9257,1
9258,0
9259,0
9260,0
9261,1
9262,0
9263,1
9264,0
9265,0
9266,0
9267,0
9268,0
9269,1
9270,1
9271,0
9272,0
9273,0
9274,1
9275,1
9276,0
9277,0
9278,0
9279,0
9280,0
9281,1
9282,0
9283,0
9284,1
9285,0
9286,0
9287,0
9288,0
9289,0
9290,1
9291,1
9292,0
9293,0
9294,0
9295,0
9296,0
9297,0
9298,0
9299,0
9300,1
9301,0
9302,1
9303,1
9304,0
9305,0
9306,0
9307,1
9308,0
9309,0
9310,0
9311,0
9312,0
9313,0
9314,0
9315,0
9316,1
9317,0
9318,0
9319,0
9320,0
9321,0
9322,0
9323,0
9324,0
9325,0
9326,0
9327,0
9328,0
9329,0
9330,1
9331,0
9332,1
9333,0
9334,0
9335,0
9336,1
9337,0
9338,1
9339,0
9340,0
9341,1
9342,0
9343,0
9344,0
9345,0
9346,0
9347,1
9348,1
9349,0
9350,1
9351,0
9352,0
9353,0
9354,1
9355,0
9356,0
9357,0
9358,0
9359,0
9360,1
9361,0
9362,0
9363,1
9364,1
9365,0
9366,0
9367,1
9368,0
9369,1
9370,0
9371,0
9372,0
9373,0
9374,0
9375,0
9376,1
9377,1
9378,0
9379,0
9380,1
9381,0
9382,0
9383,1
9384,0
9385,1
9386,1
9387,0
9388,1
9389,0
9390,1
9391,1
9392,0
9393,0
9394,0
9395,0
9396,1
9397,0
9398,1
9399,0
9400,1
9401,0
9402,0
9403,1
9404,0
9405,0
9406,1
9407,0
9408,0
9409,0
9410,0
9411,0
9412,0
9413,0
9414,0
9415,0
9416,1
9417,0
9418,0
9419,0
9420,0
9421,0
9422,1
9423,0
9424,0
9425,0
9426,0
9427,1
9428,0
9429,1
9430,0
9431,1
9432,1
9433,1
9434,0
9435,0
9436,1
9437,0
9438,0
9439,0
9440,1
9441,0
9442,0
9443,0
9444,0
9445,0
9446,0
9447,0
9448,0
9449,1
9450,1
9451,0
9452,1
9453,0
9454,0
9455,1
9456,0
9457,0
9458,0
9459,0
9460,1
9461,0
9462,1
9463,0
9464,0
9465,0
9466,0
9467,0
9468,0
9469,1
9470,0
9471,0
9472,1
9473,0
9474,1
9475,1
9476,0
9477,0
9478,0
9479,0
9480,1
9481,0
9482,1
9483,0
9484,1
9485,0
9486,1
9487,0
9488,1
9489,1
9490,1
9491,0
9492,0
9493,0
9494,0
9495,0
9496,1
9497,0
9498,0
9499,0
9500,0
9501,0
9502,0
9503,0
9504,1
9505,0
